run_idx,method,wav_length_sec,time_sec,T60,SNR_diffuse,mean_separation_deg,sdr_spk0,sdr_spk1,sir_spk0,sir_spk1,sar_spk0,sar_spk1
1,PASTD,16.064,9.07,0.3,10.0,150.0,1.79,10.67,11.1,18.94,2.65,11.42
2,PASTD,14.336,3.83,0.3,10.0,110.0,9.91,8.64,17.33,18.07,10.85,9.23
3,PASTD,14.656,3.02,0.3,10.0,60.0,10.19,8.11,20.64,16.41,10.64,8.9
4,PASTD,14.784,3.6,0.3,10.0,70.0,8.15,6.89,15.37,12.76,9.19,8.42
5,PASTD,14.112,2.78,0.3,10.0,130.0,9.72,2.18,23.39,6.16,9.93,5.33
6,PASTD,12.832,3.26,0.3,10.0,50.0,-3.48,9.93,0.48,21.8,1.53,10.25
7,PASTD,14.88,3.05,0.3,10.0,20.0,-18.22,5.15,0.25,6.95,-15.27,10.63
8,PASTD,13.152,3.57,0.3,10.0,30.0,6.47,6.78,16.13,16.58,7.08,7.36
9,PASTD,13.472,4.19,0.3,10.0,50.0,9.43,2.82,14.52,11.86,11.19,3.68
10,PASTD,14.4,3.7,0.3,10.0,50.0,6.69,2.7,17.39,6.3,7.16,6.1
11,PASTD,14.176,4.25,0.3,10.0,100.0,6.77,8.29,11.98,20.56,8.6,8.6
12,PASTD,14.656,4.3,0.3,10.0,100.0,7.62,6.69,12.25,15.54,9.71,7.42
13,PASTD,15.296,4.44,0.3,10.0,70.0,2.67,8.82,6.99,17.93,5.47,9.46
14,PASTD,12.928,3.35,0.3,10.0,40.0,4.16,6.57,14.11,10.29,4.79,9.35
15,PASTD,12.448,3.67,0.3,10.0,40.0,8.95,1.73,14.29,10.33,10.61,2.76
16,PASTD,13.568,4.5,0.3,10.0,70.0,-1.76,10.5,5.32,22.98,0.31,10.77
17,PASTD,14.048,3.49,0.3,10.0,60.0,9.31,5.44,20.58,8.15,9.68,9.39
18,PASTD,12.032,2.11,0.3,10.0,20.0,7.68,1.33,18.04,4.11,8.17,6.01
19,PASTD,13.664,3.92,0.3,10.0,50.0,4.43,5.85,10.26,13.75,6.13,6.8
20,PASTD,21.248,6.19,0.3,10.0,130.0,10.37,8.2,20.35,17.0,10.87,8.9
21,PASTD,16.608,4.12,0.3,10.0,150.0,-5.37,8.58,-2.83,19.36,2.83,9.01
22,PASTD,13.28,2.33,0.3,10.0,70.0,0.87,8.03,5.47,21.68,3.8,8.25
23,PASTD,13.888,2.81,0.3,10.0,20.0,0.07,-18.74,4.34,-0.36,3.46,-15.48
24,PASTD,15.584,4.21,0.3,10.0,40.0,9.3,-4.59,22.31,1.11,9.55,-0.74
25,PASTD,N/A,N/A,N/A,N/A,N/A,N/A,N/A,N/A,N/A
26,PASTD,13.568,3.76,0.5,10.0,150.0,6.06,-0.05,18.4,8.49,6.38,1.18
27,PASTD,15.008,4.24,0.5,10.0,30.0,2.04,6.1,11.08,14.12,2.95,7.01
28,PASTD,12.256,2.93,0.5,10.0,90.0,-5.87,3.53,-2.69,19.34,1.53,3.69
29,PASTD,13.12,3.68,0.5,10.0,50.0,6.98,-1.75,20.12,7.04,7.24,-0.35
30,PASTD,12.48,3.42,0.5,10.0,110.0,-4.33,9.01,1.8,18.6,-0.92,9.58
31,PASTD,15.552,4.54,0.5,10.0,90.0,5.5,1.46,17.81,8.42,5.83,3.02
32,PASTD,14.528,4.15,0.5,10.0,150.0,6.85,1.16,18.96,6.09,7.18,3.79
33,PASTD,11.744,1.99,0.5,10.0,30.0,-17.28,-0.89,0.33,5.0,-14.36,1.59
34,PASTD,13.696,3.97,0.5,10.0,150.0,4.82,0.28,14.19,9.2,5.51,1.37
35,PASTD,12.608,3.16,0.5,10.0,130.0,3.7,6.8,14.19,13.94,4.27,7.91
36,PASTD,12.992,3.28,0.5,10.0,110.0,2.95,6.79,8.93,18.61,4.73,7.14
37,PASTD,13.984,4.15,0.5,10.0,50.0,9.05,3.4,14.67,11.15,10.58,4.52
38,PASTD,14.4,4.01,0.5,10.0,130.0,3.89,5.21,13.41,12.32,4.6,6.39
39,PASTD,13.76,3.82,0.5,10.0,80.0,5.4,-2.51,19.9,3.82,5.6,0.15
40,PASTD,11.808,3.27,0.5,10.0,30.0,7.78,3.72,18.78,9.25,8.2,5.64
41,PASTD,15.456,4.37,0.5,10.0,40.0,5.56,-2.74,18.83,3.53,5.82,0.02
42,PASTD,14.112,3.91,0.5,10.0,90.0,5.58,2.26,17.54,9.69,5.94,3.57
43,PASTD,18.368,5.73,0.5,10.0,50.0,3.09,2.84,11.02,6.33,4.18,6.32
44,PASTD,11.072,2.6,0.5,10.0,110.0,4.62,2.44,12.41,12.48,5.65,3.13
45,PASTD,15.04,4.8,0.5,10.0,90.0,-0.39,6.6,9.01,17.58,0.65,7.04
46,PASTD,14.048,4.17,0.5,10.0,100.0,4.87,4.7,12.05,15.57,6.06,5.19
47,PASTD,15.424,4.36,0.5,10.0,110.0,4.32,-4.18,15.97,1.23,4.74,-0.27
48,PASTD,13.152,3.78,0.5,10.0,70.0,5.45,3.21,13.23,10.0,6.44,4.64
49,PASTD,12.928,3.65,0.5,10.0,30.0,-8.68,2.99,-4.4,17.62,-0.91,3.21
50,PASTD,N/A,N/A,N/A,N/A,N/A,N/A,N/A,N/A,N/A
51,PASTD,11.232,1.48,0.8,10.0,30.0,1.43,-3.0,7.39,2.77,3.42,0.19
52,PASTD,14.752,3.4,0.8,10.0,40.0,1.16,-4.22,8.77,1.01,2.53,-0.15
53,PASTD,12.256,2.85,0.8,10.0,80.0,-3.31,-1.81,5.23,6.5,-1.52,-0.24
54,PASTD,15.328,3.8,0.8,10.0,170.0,2.83,1.25,8.54,8.52,4.76,2.72
55,PASTD,14.208,3.71,0.8,10.0,60.0,0.65,1.67,4.81,13.84,3.99,2.12
56,PASTD,15.264,3.44,0.8,10.0,40.0,0.87,3.18,10.97,10.47,1.65,4.45
57,PASTD,14.304,3.24,0.8,10.0,70.0,2.48,0.86,9.36,9.19,3.95,2.04
58,PASTD,13.536,2.55,0.8,10.0,110.0,-2.67,0.7,3.14,9.76,0.37,1.72
59,PASTD,16.96,2.66,0.8,10.0,80.0,-1.8,-19.71,0.98,-0.02,3.99,-16.64
60,PASTD,14.72,3.06,0.8,10.0,80.0,3.64,-3.83,14.81,3.22,4.13,-1.19
61,PASTD,11.52,2.39,0.8,10.0,40.0,0.66,4.21,6.8,11.69,2.69,5.35
62,PASTD,14.88,2.64,0.8,10.0,30.0,-3.0,-0.14,2.19,13.57,0.61,0.24
63,PASTD,17.056,4.35,0.8,10.0,50.0,-0.11,4.6,6.83,16.78,1.69,4.96
64,PASTD,11.616,1.98,0.8,10.0,80.0,-5.64,2.66,-0.15,11.89,-1.11,3.48
65,PASTD,14.624,3.2,0.8,10.0,30.0,-0.1,4.07,6.99,10.9,1.64,5.42
66,PASTD,13.44,2.66,0.8,10.0,20.0,1.56,-1.33,12.47,5.51,2.17,0.76
67,PASTD,13.952,3.06,0.8,10.0,70.0,4.2,0.66,16.72,7.35,4.54,2.44
68,PASTD,14.304,2.92,0.8,10.0,80.0,-7.99,2.07,-4.71,17.05,0.74,2.29
69,PASTD,14.976,3.5,0.8,10.0,30.0,3.67,3.03,11.63,11.78,4.71,3.93
70,PASTD,16.608,3.7,0.8,10.0,40.0,6.1,-3.76,18.47,1.06,6.42,0.49
71,PASTD,13.312,2.86,0.8,10.0,50.0,0.29,0.56,3.96,9.05,4.2,1.73
72,PASTD,10.048,0.9,0.8,10.0,30.0,-2.32,-15.87,4.78,0.23,-0.13,-12.86
73,PASTD,12.928,2.58,0.8,10.0,30.0,-4.12,2.52,1.88,11.82,-0.69,3.35
74,PASTD,13.696,2.56,0.8,10.0,20.0,-5.35,-1.87,17.71,0.77,-5.26,4.18
75,PASTD,N/A,N/A,N/A,N/A,N/A,N/A,N/A,N/A,N/A
76,PASTD,16.032,4.26,1.2,10.0,30.0,-3.29,1.06,4.03,10.86,-0.95,1.88
77,PASTD,14.112,3.2,1.2,10.0,160.0,1.45,1.82,9.83,8.78,2.56,3.34
78,PASTD,13.44,2.5,1.2,10.0,40.0,0.36,-1.21,9.51,4.2,1.39,1.66
79,PASTD,12.96,2.16,1.2,10.0,70.0,1.5,-10.77,15.19,-6.34,1.82,-1.59
80,PASTD,13.312,2.64,1.2,10.0,100.0,-1.34,1.71,4.33,9.09,1.39,3.09
81,PASTD,15.84,3.93,1.2,10.0,40.0,0.29,0.74,8.06,3.65,1.71,5.42
82,PASTD,16.064,2.22,1.2,10.0,20.0,-19.65,-1.58,-0.32,3.45,-16.42,1.68
83,PASTD,12.544,1.42,1.2,10.0,160.0,-16.69,2.66,0.65,9.73,-13.91,4.05
84,PASTD,14.336,2.33,1.2,10.0,70.0,-0.82,-18.87,4.71,-0.16,1.87,-15.72
85,PASTD,17.184,4.12,1.2,10.0,30.0,1.38,0.42,9.65,8.76,2.53,1.65
86,PASTD,12.192,2.22,1.2,10.0,40.0,1.88,-3.84,12.91,1.6,2.46,-0.1
87,PASTD,14.24,2.93,1.2,10.0,50.0,-4.82,4.68,-1.17,18.51,1.27,4.93
88,PASTD,12.736,2.43,1.2,10.0,130.0,1.26,1.55,9.5,7.89,2.43,3.36
89,PASTD,14.176,2.45,1.2,10.0,20.0,0.2,-12.74,11.24,-7.51,0.87,-2.98
90,PASTD,13.888,2.6,1.2,10.0,70.0,-2.67,0.22,4.1,7.31,-0.22,1.91
91,PASTD,18.432,4.03,1.2,10.0,120.0,-10.74,3.8,-6.23,18.58,-1.67,4.01
92,PASTD,13.472,2.74,1.2,10.0,140.0,-3.53,3.06,2.8,16.08,-0.55,3.39
93,PASTD,12.448,2.25,1.2,10.0,70.0,1.9,0.93,8.03,8.82,3.75,2.24
94,PASTD,12.736,2.73,1.2,10.0,60.0,0.68,-2.09,6.97,3.21,2.64,1.13
95,PASTD,13.504,2.46,1.2,10.0,50.0,-6.4,2.84,0.13,17.75,-2.36,3.06
96,PASTD,14.88,2.96,1.2,10.0,30.0,-17.2,1.13,-14.33,20.03,0.43,1.23
97,PASTD,15.008,1.56,1.2,10.0,30.0,1.24,-18.42,6.37,0.4,3.73,-15.55
98,PASTD,12.16,0.99,1.2,10.0,80.0,-18.0,-1.63,0.13,3.52,-14.98,1.55
99,PASTD,12.992,2.49,1.2,10.0,60.0,-0.11,1.34,11.71,6.03,0.47,4.11
100,PASTD,N/A,N/A,N/A,N/A,N/A,N/A,N/A,N/A,N/A
101,PASTD,16.448,4.32,0.3,0.0,80.0,-1.62,-1.26,10.22,10.1,-0.94,-0.52
102,PASTD,13.184,3.76,0.3,0.0,80.0,3.27,-7.7,12.0,2.93,4.16,-5.51
103,PASTD,12.64,3.95,0.3,0.0,70.0,3.13,-3.62,12.63,0.58,3.88,1.18
104,PASTD,14.272,4.38,0.3,0.0,80.0,2.15,0.96,8.3,8.27,3.96,2.45
105,PASTD,14.656,4.3,0.3,0.0,150.0,1.63,-2.05,10.58,2.33,2.58,1.93
106,PASTD,13.12,2.91,0.3,0.0,90.0,1.81,-0.7,12.38,4.8,2.46,1.98
107,PASTD,15.68,3.24,0.3,0.0,30.0,3.88,-19.74,17.03,-0.55,4.18,-16.4
108,PASTD,12.064,2.99,0.3,0.0,30.0,-4.77,9.13,2.84,21.3,-2.13,9.44
109,PASTD,14.56,3.83,0.3,0.0,90.0,-3.45,-3.58,4.01,5.86,-1.14,-2.05
110,PASTD,14.08,3.57,0.3,0.0,40.0,4.22,4.94,11.26,14.69,5.49,5.58
111,PASTD,14.144,3.37,0.3,0.0,80.0,-0.9,-6.6,3.7,3.6,2.5,-4.59
112,PASTD,15.584,4.76,0.3,0.0,60.0,1.27,-9.03,5.34,-2.13,4.54,-3.83
113,PASTD,13.376,3.93,0.3,0.0,60.0,-2.16,3.51,7.91,13.54,-1.06,4.15
114,PASTD,13.184,4.08,0.3,0.0,140.0,0.02,3.98,8.62,15.04,1.23,4.47
115,PASTD,17.472,4.82,0.3,0.0,120.0,-2.41,-7.88,11.78,4.65,-1.96,-6.35
116,PASTD,16.672,5.33,0.3,0.0,40.0,3.38,-6.73,16.74,0.87,3.67,-3.3
117,PASTD,15.2,4.39,0.3,0.0,70.0,3.58,3.0,15.16,8.62,4.03,4.95
118,PASTD,13.376,4.32,0.3,0.0,30.0,-0.16,-9.48,8.15,-1.37,1.15,-5.0
119,PASTD,13.152,3.43,0.3,0.0,60.0,3.01,-3.26,15.43,8.88,3.39,-2.46
120,PASTD,16.928,6.14,0.3,0.0,90.0,1.33,2.41,9.13,5.97,2.62,5.91
121,PASTD,13.504,3.62,0.3,0.0,90.0,-7.85,-2.58,-0.55,9.05,-3.66,-1.76
122,PASTD,13.28,2.71,0.3,0.0,30.0,1.25,-19.28,5.07,-0.89,4.76,-15.74
123,PASTD,15.2,4.75,0.3,0.0,110.0,-10.75,6.03,2.35,20.05,-8.54,6.25
124,PASTD,13.824,4.03,0.3,0.0,80.0,-0.75,-0.25,8.24,9.47,0.44,0.71
125,PASTD,N/A,N/A,N/A,N/A,N/A,N/A,N/A,N/A,N/A
126,PASTD,15.136,4.59,0.3,5.0,50.0,5.43,3.26,15.31,10.26,6.02,4.62
127,PASTD,10.656,2.53,0.3,5.0,50.0,7.74,3.65,17.58,10.41,8.29,5.06
128,PASTD,12.928,3.61,0.3,5.0,80.0,5.15,2.41,16.61,7.09,5.56,4.99
129,PASTD,14.144,3.84,0.3,5.0,70.0,6.37,-2.56,18.52,1.06,6.7,2.44
130,PASTD,13.344,3.19,0.3,5.0,30.0,3.85,2.1,10.12,7.45,5.43,4.32
131,PASTD,13.728,3.58,0.3,5.0,50.0,2.94,6.26,14.67,19.37,3.39,6.53
132,PASTD,13.6,3.21,0.3,5.0,40.0,5.49,-6.58,17.93,-2.31,5.82,-0.24
133,PASTD,14.304,4.69,0.3,5.0,90.0,5.71,-0.74,17.11,2.34,6.12,4.21
134,PASTD,13.44,3.7,0.3,5.0,80.0,-1.28,6.81,1.19,17.97,4.81,7.22
135,PASTD,14.24,3.84,0.3,5.0,110.0,8.82,4.88,14.86,14.22,10.21,5.58
136,PASTD,15.872,5.19,0.3,5.0,120.0,2.52,9.92,8.27,19.18,4.47,10.52
137,PASTD,12.544,3.29,0.3,5.0,70.0,5.59,0.43,17.51,7.53,5.96,2.08
138,PASTD,14.496,3.95,0.3,5.0,60.0,4.05,-6.37,21.1,0.36,4.17,-2.5
139,PASTD,14.016,3.46,0.3,5.0,70.0,3.98,3.65,13.56,15.01,4.67,4.11
140,PASTD,14.4,4.52,0.3,5.0,90.0,4.34,6.75,9.9,18.59,6.18,7.1
141,PASTD,13.312,3.1,0.3,5.0,40.0,6.91,-1.5,12.71,6.77,8.46,0.03
142,PASTD,19.584,5.95,0.3,5.0,90.0,-4.8,-0.87,6.05,7.36,-3.47,0.57
143,PASTD,12.448,3.07,0.3,5.0,50.0,-1.43,3.2,3.67,9.86,1.74,4.68
144,PASTD,14.464,3.79,0.3,5.0,50.0,4.41,2.12,16.22,8.2,4.8,3.96
145,PASTD,12.448,2.43,0.3,5.0,20.0,-17.43,-3.68,-0.75,1.78,-13.94,-0.02
146,PASTD,12.064,2.43,0.3,5.0,90.0,1.99,4.64,9.23,14.94,3.39,5.2
147,PASTD,19.68,6.08,0.3,5.0,50.0,-3.09,6.14,2.56,15.34,0.2,6.82
148,PASTD,12.512,2.95,0.3,5.0,170.0,5.25,-0.84,16.81,2.54,5.65,3.76
149,PASTD,14.432,3.84,0.3,5.0,30.0,7.13,2.34,12.46,5.87,8.88,5.89
150,PASTD,N/A,N/A,N/A,N/A,N/A,N/A,N/A,N/A,N/A
151,PASTD,13.76,3.17,0.3,10.0,90.0,10.14,6.92,22.99,13.75,10.4,8.11
152,PASTD,13.568,3.87,0.3,10.0,120.0,6.73,10.86,13.8,22.01,7.86,11.23
153,PASTD,13.088,2.89,0.3,10.0,20.0,-15.66,3.93,0.52,5.06,-12.8,11.52
154,PASTD,14.816,3.86,0.3,10.0,50.0,8.19,-0.55,18.25,9.66,8.71,0.33
155,PASTD,12.8,3.17,0.3,10.0,80.0,7.89,9.09,17.1,20.55,8.52,9.45
156,PASTD,12.416,3.29,0.3,10.0,120.0,9.05,4.28,20.28,15.32,9.43,4.77
157,PASTD,15.36,3.9,0.3,10.0,60.0,8.19,-4.6,21.34,1.44,8.44,-1.01
158,PASTD,18.976,6.21,0.3,10.0,110.0,1.76,8.27,9.97,14.77,2.89,9.52
159,PASTD,14.4,2.82,0.3,10.0,140.0,7.07,6.75,18.86,15.99,7.43,7.41
160,PASTD,13.312,3.65,0.3,10.0,40.0,8.15,2.56,16.14,8.67,9.0,4.33
161,PASTD,16.096,5.07,0.3,10.0,30.0,7.93,1.95,13.54,7.74,9.52,3.96
162,PASTD,15.136,3.89,0.3,10.0,40.0,7.35,1.12,17.22,6.04,7.9,3.77
163,PASTD,12.32,3.12,0.3,10.0,50.0,-7.3,8.55,-0.28,14.42,-3.18,10.0
164,PASTD,14.112,3.55,0.3,10.0,50.0,-12.04,7.15,-9.9,13.68,2.38,8.43
165,PASTD,14.816,3.77,0.3,10.0,140.0,4.79,5.14,14.68,10.41,5.4,7.04
166,PASTD,15.456,4.65,0.3,10.0,70.0,8.09,5.74,14.5,16.98,9.36,6.16
167,PASTD,16.576,5.02,0.3,10.0,130.0,5.86,4.29,20.22,8.76,6.06,6.76
168,PASTD,13.216,3.68,0.3,10.0,50.0,0.02,5.69,2.55,18.46,5.49,5.99
169,PASTD,11.552,3.09,0.3,10.0,90.0,5.55,8.14,15.08,12.55,6.2,10.32
170,PASTD,12.064,3.64,0.3,10.0,30.0,4.17,8.1,8.52,16.01,6.74,8.97
171,PASTD,10.72,2.89,0.3,10.0,50.0,7.53,8.07,13.46,14.35,9.0,9.39
172,PASTD,14.208,2.7,0.3,10.0,20.0,-18.51,-0.27,0.18,1.74,-15.53,6.27
173,PASTD,11.584,2.95,0.3,10.0,40.0,7.34,-0.54,22.72,4.15,7.49,2.68
174,PASTD,13.408,3.58,0.3,10.0,140.0,7.37,-3.01,19.41,4.37,7.7,-0.79
175,PASTD,N/A,N/A,N/A,N/A,N/A,N/A,N/A,N/A,N/A
176,PASTD,14.432,3.93,0.3,30.0,60.0,10.37,9.25,20.63,13.67,10.84,11.39
177,PASTD,16.064,5.28,0.3,30.0,110.0,11.82,6.6,17.38,9.99,13.31,9.67
178,PASTD,13.664,3.34,0.3,30.0,90.0,11.59,11.29,22.52,18.14,11.98,12.36
179,PASTD,13.728,4.2,0.3,30.0,60.0,12.45,10.68,23.89,18.08,12.8,11.62
180,PASTD,14.464,3.5,0.3,30.0,100.0,12.56,9.85,23.75,17.07,12.92,10.84
181,PASTD,14.496,3.68,0.3,30.0,160.0,10.33,2.73,23.43,5.52,10.57,7.04
182,PASTD,14.176,4.27,0.3,30.0,130.0,7.51,8.66,18.9,12.09,7.89,11.55
183,PASTD,14.56,3.72,0.3,30.0,70.0,11.46,2.89,24.13,5.86,11.72,6.93
184,PASTD,13.888,3.87,0.3,30.0,30.0,8.19,6.39,12.88,14.38,10.21,7.3
185,PASTD,15.072,3.91,0.3,30.0,90.0,11.74,10.21,24.98,16.11,11.96,11.61
186,PASTD,10.624,2.18,0.3,30.0,90.0,12.54,9.12,25.16,15.89,12.8,10.26
187,PASTD,15.168,4.05,0.3,30.0,80.0,10.19,-4.87,23.34,-0.93,10.43,0.88
188,PASTD,14.592,3.85,0.3,30.0,80.0,7.54,12.79,15.29,18.56,8.47,14.19
189,PASTD,14.24,3.53,0.3,30.0,50.0,9.93,10.94,17.55,20.6,10.83,11.47
190,PASTD,12.704,3.46,0.3,30.0,80.0,9.56,8.88,17.49,16.35,10.39,9.83
191,PASTD,14.24,4.33,0.3,30.0,170.0,11.97,6.29,23.37,14.17,12.31,7.23
192,PASTD,14.624,4.03,0.3,30.0,70.0,12.96,10.29,21.63,19.44,13.62,10.9
193,PASTD,16.16,4.87,0.3,30.0,30.0,2.64,11.86,7.81,24.15,4.89,12.14
194,PASTD,13.28,3.92,0.3,30.0,100.0,12.8,8.2,23.04,14.22,13.26,9.61
195,PASTD,13.824,3.31,0.3,30.0,130.0,11.35,12.17,18.67,20.56,12.3,12.89
196,PASTD,11.616,2.39,0.3,30.0,30.0,5.18,8.65,8.15,16.93,8.86,9.43
197,PASTD,14.944,3.58,0.3,30.0,130.0,7.92,8.06,18.75,12.5,8.35,10.24
198,PASTD,16.096,4.76,0.3,30.0,60.0,11.31,11.13,18.4,20.99,12.31,11.63
199,PASTD,16.032,5.1,0.3,30.0,50.0,7.7,13.54,15.87,24.15,8.53,13.95
